{"frameRate":24,"isGlobal":0,"name":"Coin","version":"5.0","armature":[{"aabb":{"width":50,"y":-25,"height":50,"x":-25},"ik":[],"type":"Armature","bone":[{"name":"root","transform":{}}],"defaultActions":[{"gotoAndPlay":"Picked(8fps"}],"animation":[{"duration":8,"slot":[{"frame":[{"duration":8,"tweenEasing":0},{"duration":0,"tweenEasing":null}],"name":"coin"}],"playTimes":0,"frame":[],"name":"Picked(8fps","bone":[{"frame":[{"duration":8,"tweenEasing":0,"transform":{}},{"duration":0,"tweenEasing":null,"transform":{"scY":2.6465,"y":-54,"scX":0.0788}}],"name":"root"}],"ffd":[]},{"duration":48,"slot":[],"playTimes":0,"frame":[],"name":"Idle","bone":[{"frame":[{"duration":12,"tweenEasing":0,"transform":{}},{"duration":12,"tweenEasing":0,"transform":{"y":-8}},{"duration":12,"tweenEasing":0,"transform":{}},{"duration":12,"tweenEasing":0,"transform":{"y":8}},{"duration":0,"tweenEasing":null,"transform":{}}],"name":"root"}],"ffd":[]}],"skin":[{"name":"","slot":[{"display":[{"path":"coin","type":"image","name":"coin","transform":{"skX":-0.0783,"skY":-0.0783}}],"name":"coin"}]}],"frameRate":24,"name":"Armature","slot":[{"color":{},"name":"coin","parent":"root"}]}]}