{"width":512,"imagePath":"Player_tex.png","height":512,"name":"NewProject","SubTexture":[{"y":1,"frameWidth":500,"x":425,"frameHeight":500,"width":40,"frameY":-400,"height":90,"name":"foot","frameX":-290},{"y":373,"frameWidth":500,"x":1,"frameHeight":500,"width":280,"frameY":-290,"height":110,"name":"lhand","frameX":-120},{"y":373,"frameWidth":500,"x":283,"frameHeight":500,"width":140,"frameY":-280,"height":130,"name":"body","frameX":-200},{"y":1,"frameWidth":500,"x":323,"frameHeight":500,"width":100,"frameY":-290,"height":120,"name":"rhand","frameX":-130},{"y":1,"frameWidth":500,"x":1,"frameHeight":500,"width":320,"frameY":0,"height":370,"name":"head","frameX":-100}]}