{"frameRate":24,"armature":[{"bone":[{"name":"root","transform":{}},{"length":147,"transform":{"y":135,"skX":-90.3898,"skY":-90.3898,"x":21},"parent":"root","name":"body"},{"length":79,"transform":{"y":47.4479,"skX":134.8827,"skY":134.8827,"x":65.6788},"parent":"body","name":"lhand"},{"length":83,"transform":{"y":-49.0669,"skX":177.6307,"skY":177.6307,"x":-9.6664},"parent":"body","name":"foot1"},{"length":82,"transform":{"y":42.931,"skX":177.5971,"skY":177.5971,"x":-10.2923},"parent":"body","name":"foot"},{"length":118,"transform":{"y":-6.2311,"skX":0.8753,"skY":0.8753,"x":113.045},"parent":"body","name":"head1"},{"length":77,"transform":{"y":-59.536,"skX":-137.2366,"skY":-137.2366,"x":68.4066},"parent":"body","name":"rhand"}],"slot":[{"name":"foot","parent":"foot","color":{}},{"z":1,"name":"foot1","parent":"foot1","color":{}},{"z":2,"name":"lhand","parent":"lhand","color":{}},{"z":3,"name":"body","parent":"body","color":{}},{"z":4,"name":"rhand","parent":"rhand","color":{}},{"z":5,"name":"head1","parent":"head1","color":{}}],"animation":[{"bone":[{"frame":[{"duration":48,"tweenEasing":0,"transform":{}},{"duration":0,"tweenEasing":null,"transform":{}}],"name":"root"},{"frame":[{"duration":24,"tweenEasing":0,"transform":{}},{"duration":24,"tweenEasing":0,"transform":{"y":-6.0741}},{"duration":0,"tweenEasing":null,"transform":{}}],"name":"body"},{"frame":[{"duration":24,"tweenEasing":0,"transform":{}},{"duration":24,"curve":[0,0,0.2954818745171417,0.21160385517663755,0.5,0.5,0.7158536585365853,0.804380664652568,1,1],"transform":{"y":0.0243,"x":3.5658}},{"duration":0,"tweenEasing":null,"transform":{}}],"name":"head1"},{"frame":[{"duration":24,"tweenEasing":0,"transform":{}},{"duration":24,"tweenEasing":0,"transform":{"y":-0.0413,"x":-6.0739}},{"duration":0,"tweenEasing":null,"transform":{}}],"name":"foot"},{"frame":[{"duration":24,"tweenEasing":0,"transform":{}},{"duration":24,"tweenEasing":0,"transform":{"y":-0.0551,"x":-8.0986}},{"duration":0,"tweenEasing":null,"transform":{}}],"name":"foot1"},{"frame":[{"duration":24,"tweenEasing":0,"transform":{}},{"duration":24,"curve":[0,0,0.2954818745171417,0.21160385517663755,0.5,0.5,0.7158536585365853,0.804380664652568,1,1],"transform":{"y":-1.0191,"skX":6.1227,"skY":6.1227,"x":4.4633}},{"duration":0,"tweenEasing":null,"transform":{}}],"name":"lhand"},{"frame":[{"duration":24,"tweenEasing":0,"transform":{}},{"duration":24,"curve":[0,0,0.2954818745171417,0.21160385517663755,0.5,0.5,0.7158536585365853,0.804380664652568,1,1],"transform":{"y":1.0108,"skX":-9.2614,"skY":-9.2614,"x":5.2077}},{"duration":0,"tweenEasing":null,"transform":{}}],"name":"rhand"}],"slot":[],"frame":[{"duration":48,"tweenEasing":null,"events":[{"name":"eventName"}]},{"duration":0,"tweenEasing":null,"events":[{"name":"eventName"}]}],"ffd":[],"playTimes":0,"duration":48,"name":"stand"},{"bone":[{"frame":[{"duration":24,"tweenEasing":null,"transform":{}}],"name":"root"},{"frame":[{"duration":6,"tweenEasing":0,"transform":{"skX":8.5254,"skY":8.5254}},{"duration":6,"tweenEasing":0,"transform":{"y":-12.1482,"skX":8.5254,"skY":8.5254}},{"duration":6,"tweenEasing":0,"transform":{"skX":8.5254,"skY":8.5254}},{"duration":6,"tweenEasing":0,"transform":{"y":-12.1482,"skX":8.5254,"skY":8.5254}},{"duration":0,"tweenEasing":null,"transform":{"skX":8.5254,"skY":8.5254}}],"name":"body"},{"frame":[{"duration":6,"tweenEasing":0,"transform":{"skX":35.3941,"skY":35.3941}},{"duration":6,"tweenEasing":0,"transform":{"y":-41.7759,"skX":-241.7217,"skY":-241.7217,"x":-3.9268}},{"duration":6,"tweenEasing":0,"transform":{"skX":35.3941,"skY":35.3941}},{"duration":6,"tweenEasing":0,"transform":{"y":-13.172,"skX":-6.5933,"skY":-6.5933,"x":6.2981}},{"duration":0,"tweenEasing":null,"transform":{"skX":35.3941,"skY":35.3941}}],"name":"lhand"},{"frame":[{"duration":6,"tweenEasing":0,"transform":{"y":13.5097,"skX":-318.3561,"skY":-318.3561,"x":0.104}},{"duration":6,"tweenEasing":0,"transform":{"y":58.5111,"skX":-348.0742,"skY":-348.0742,"x":30.7618}},{"duration":12,"tweenEasing":0,"transform":{"y":94.3546,"skX":-17.7923,"skY":-17.7923,"x":11.0238}},{"duration":0,"tweenEasing":null,"transform":{"y":13.5097,"skX":-318.3561,"skY":-318.3561,"x":0.104}}],"name":"foot1"},{"frame":[{"duration":12,"tweenEasing":0,"transform":{"y":5.511,"skX":-18.5829,"skY":-18.5829,"x":19.744}},{"duration":6,"tweenEasing":0,"transform":{"y":-77.2842,"skX":-317.1203,"skY":-317.1203,"x":3.2652}},{"duration":6,"tweenEasing":0,"transform":{"y":-27.4423,"skX":-347.8516,"skY":-347.8516,"x":38.2777}},{"duration":0,"tweenEasing":null,"transform":{"y":5.511,"skX":-18.5829,"skY":-18.5829,"x":19.744}}],"name":"foot"},{"frame":[{"duration":6,"tweenEasing":0,"transform":{"skX":-8.1988,"skY":-8.1988}},{"duration":6,"tweenEasing":0,"transform":{"skX":-2.6409,"skY":-2.6409}},{"duration":6,"tweenEasing":0,"transform":{"skX":-8.1988,"skY":-8.1988}},{"duration":6,"tweenEasing":0,"transform":{"skX":-11.8555,"skY":-11.8555}},{"duration":0,"tweenEasing":null,"transform":{"skX":-8.1988,"skY":-8.1988}}],"name":"head1"},{"frame":[{"duration":6,"tweenEasing":0,"transform":{"y":1.1461,"skX":306.8651,"skY":306.8651,"x":-8.0173}},{"duration":6,"tweenEasing":0,"transform":{"y":19.3134,"skX":272.2675,"skY":272.2675,"x":-1.3296}},{"duration":6,"tweenEasing":0,"transform":{"y":1.1461,"skX":306.8651,"skY":306.8651,"x":-8.0173}},{"duration":6,"tweenEasing":0,"transform":{"y":18.5557,"skX":7.4003,"skY":7.4003,"x":-11.7666}},{"duration":0,"tweenEasing":null,"transform":{"y":1.1461,"skX":306.8651,"skY":306.8651,"x":-8.0173}}],"name":"rhand"}],"slot":[{"frame":[{"duration":18,"tweenEasing":0},{"duration":6,"tweenEasing":null}],"name":"foot"},{"frame":[{"duration":24,"tweenEasing":null}],"name":"foot1"},{"frame":[{"duration":24,"tweenEasing":null}],"name":"lhand"},{"frame":[{"duration":24,"tweenEasing":null}],"name":"body"},{"frame":[{"duration":24,"tweenEasing":null}],"name":"rhand"},{"frame":[{"duration":24,"tweenEasing":null}],"name":"head1"}],"frame":[],"ffd":[],"playTimes":0,"duration":24,"name":"run"},{"bone":[{"frame":[{"duration":24,"tweenEasing":null,"transform":{}}],"name":"root"},{"frame":[{"duration":24,"tweenEasing":0,"transform":{"skX":12.5994,"skY":12.5994}},{"duration":0,"tweenEasing":null,"transform":{"skX":12.5994,"skY":12.5994}}],"name":"body"},{"frame":[{"duration":12,"tweenEasing":0,"transform":{"y":-11.0751,"x":22.4622}},{"duration":12,"tweenEasing":0,"transform":{"y":-11.0751,"skX":-35.9851,"skY":-35.9851,"x":22.4622}},{"duration":0,"tweenEasing":null,"transform":{"y":-11.0751,"x":22.4622}}],"name":"lhand"},{"frame":[{"duration":6,"tweenEasing":0,"transform":{"skX":-345.5144,"skY":-345.5144}},{"duration":6,"tweenEasing":0,"transform":{"y":15.8312,"skX":-18.2812,"skY":-18.2812,"x":3.4256}},{"duration":6,"tweenEasing":0,"transform":{"skX":-345.5144,"skY":-345.5144}},{"duration":6,"tweenEasing":0,"transform":{"skX":-327.8115,"skY":-327.8115}},{"duration":0,"tweenEasing":null,"transform":{"skX":-345.5144,"skY":-345.5144}}],"name":"foot1"},{"frame":[{"duration":6,"tweenEasing":0,"transform":{"y":11.2831,"skX":-337.0698,"skY":-337.0698,"x":14.8708}},{"duration":6,"tweenEasing":0,"transform":{"y":9.5703,"skX":-12.6362,"skY":-12.6362,"x":22.7864}},{"duration":6,"tweenEasing":0,"transform":{"y":5.6125,"skX":-53.7162,"skY":-53.7162,"x":21.93}},{"duration":6,"tweenEasing":0,"transform":{"y":9.5703,"skX":-12.6362,"skY":-12.6362,"x":22.7864}},{"duration":0,"tweenEasing":null,"transform":{"y":11.2831,"skX":-337.0698,"skY":-337.0698,"x":14.8708}}],"name":"foot"},{"frame":[{"duration":6,"tweenEasing":0,"transform":{"skX":-24.8207,"skY":-24.8207}},{"duration":6,"tweenEasing":0,"transform":{"skX":-29.2661,"skY":-29.2661}},{"duration":6,"tweenEasing":0,"transform":{"skX":-24.8207,"skY":-24.8207}},{"duration":6,"tweenEasing":0,"transform":{"skX":-16.8854,"skY":-16.8854}},{"duration":0,"tweenEasing":null,"transform":{"skX":-24.8207,"skY":-24.8207}}],"name":"head1"},{"frame":[{"duration":12,"tweenEasing":0,"transform":{"y":1.4467,"skX":268.9558,"skY":268.9558,"x":-16.2594}},{"duration":12,"tweenEasing":0,"transform":{"y":1.4467,"skX":246.7316,"skY":246.7316,"x":-16.2594}},{"duration":0,"tweenEasing":null,"transform":{"y":1.4467,"skX":268.9558,"skY":268.9558,"x":-16.2594}}],"name":"rhand"}],"slot":[],"frame":[],"ffd":[],"playTimes":0,"duration":24,"name":"jump"},{"bone":[{"frame":[{"duration":24,"tweenEasing":null,"transform":{}}],"name":"root"},{"frame":[{"duration":24,"tweenEasing":0,"transform":{"skX":-6.1326,"skY":-6.1326}},{"duration":0,"tweenEasing":null,"transform":{"skX":-6.1326,"skY":-6.1326}}],"name":"body"},{"frame":[{"duration":6,"tweenEasing":0,"transform":{"y":4.0232,"skX":-30.5221,"skY":-30.5221,"x":-0.46}},{"duration":6,"tweenEasing":0,"transform":{"skX":-53.4634,"skY":-53.4634}},{"duration":6,"tweenEasing":0,"transform":{"y":4.0232,"skX":-30.5221,"skY":-30.5221,"x":-0.46}},{"duration":6,"tweenEasing":0,"transform":{"y":8.9555,"skX":21.0118,"skY":21.0118,"x":3.7683}},{"duration":0,"tweenEasing":null,"transform":{"y":4.0232,"skX":-30.5221,"skY":-30.5221,"x":-0.46}}],"name":"lhand"},{"frame":[{"duration":6,"tweenEasing":0,"transform":{"y":13.5097,"skX":-318.3561,"skY":-318.3561,"x":0.104}},{"duration":6,"tweenEasing":0,"transform":{"y":58.5111,"skX":-348.0742,"skY":-348.0742,"x":30.7618}},{"duration":12,"tweenEasing":0,"transform":{"y":94.3546,"skX":-41.7696,"skY":-41.7696,"x":11.0238}},{"duration":0,"tweenEasing":null,"transform":{"y":13.5097,"skX":-318.3561,"skY":-318.3561,"x":0.104}}],"name":"foot1"},{"frame":[{"duration":12,"tweenEasing":0,"transform":{"y":5.511,"skX":-18.5829,"skY":-18.5829,"x":19.744}},{"duration":6,"tweenEasing":0,"transform":{"y":-41.5785,"skX":-325.6475,"skY":-325.6475,"x":-0.817}},{"duration":6,"tweenEasing":0,"transform":{"y":-27.4423,"skX":-347.8516,"skY":-347.8516,"x":38.2777}},{"duration":0,"tweenEasing":null,"transform":{"y":5.511,"skX":-18.5829,"skY":-18.5829,"x":19.744}}],"name":"foot"},{"frame":[{"duration":6,"tweenEasing":0,"transform":{"skX":5.4205,"skY":5.4205}},{"duration":6,"tweenEasing":0,"transform":{"skX":-2.6409,"skY":-2.6409}},{"duration":6,"tweenEasing":0,"transform":{"skX":5.4205,"skY":5.4205}},{"duration":6,"tweenEasing":0,"transform":{"skX":15.8315,"skY":15.8315}},{"duration":0,"tweenEasing":null,"transform":{"skX":5.4205,"skY":5.4205}}],"name":"head1"},{"frame":[{"duration":6,"tweenEasing":0,"transform":{"y":4.3076,"skX":246.7262,"skY":246.7262,"x":1.8107}},{"duration":6,"tweenEasing":0,"transform":{"y":4.3076,"skX":269.8157,"skY":269.8157,"x":1.8107}},{"duration":6,"tweenEasing":0,"transform":{"y":4.3076,"skX":246.7262,"skY":246.7262,"x":1.8107}},{"duration":6,"tweenEasing":0,"transform":{"y":4.3076,"skX":216.4026,"skY":216.4026,"x":1.8107}},{"duration":0,"tweenEasing":null,"transform":{"y":4.3076,"skX":246.7262,"skY":246.7262,"x":1.8107}}],"name":"rhand"}],"slot":[{"frame":[{"duration":18,"tweenEasing":0},{"duration":6,"tweenEasing":null}],"name":"foot"},{"frame":[{"duration":24,"tweenEasing":null}],"name":"foot1"},{"frame":[{"duration":24,"tweenEasing":null}],"name":"lhand"},{"frame":[{"duration":24,"tweenEasing":null}],"name":"body"},{"frame":[{"duration":24,"tweenEasing":null}],"name":"rhand"},{"frame":[{"duration":24,"tweenEasing":null}],"name":"head1"}],"frame":[],"ffd":[],"playTimes":0,"duration":24,"name":"fall","zOrder":{"frame":[{"duration":24,"tweenEasing":null,"zOrder":[4,1]}]}},{"bone":[{"frame":[{"duration":24,"tweenEasing":null,"transform":{}}],"name":"root"},{"frame":[{"duration":24,"tweenEasing":null,"transform":{}}],"name":"body"},{"frame":[{"duration":6,"tweenEasing":0,"transform":{"skX":-20.4825,"skY":-20.4825}},{"duration":6,"tweenEasing":0,"transform":{"skX":-38.7515,"skY":-38.7515}},{"duration":6,"tweenEasing":0,"transform":{"skX":-20.4825,"skY":-20.4825}},{"duration":6,"tweenEasing":0,"transform":{"skX":-2.2105,"skY":-2.2105}},{"duration":0,"tweenEasing":null,"transform":{"skX":-20.4825,"skY":-20.4825}}],"name":"lhand"},{"frame":[{"duration":6,"tweenEasing":0,"transform":{"skX":-45.7436,"skY":-45.7436}},{"duration":6,"tweenEasing":0,"transform":{"skX":-19.2618,"skY":-19.2618}},{"duration":6,"tweenEasing":0,"transform":{"skX":-45.7436,"skY":-45.7436}},{"duration":6,"tweenEasing":0,"transform":{"skX":-62.2877,"skY":-62.2877}},{"duration":0,"tweenEasing":null,"transform":{"skX":-45.7436,"skY":-45.7436}}],"name":"foot1"},{"frame":[{"duration":6,"tweenEasing":0,"transform":{"skX":-34.6337,"skY":-34.6337}},{"duration":6,"tweenEasing":0,"transform":{"skX":-50.4428,"skY":-50.4428}},{"duration":6,"tweenEasing":0,"transform":{"skX":-34.6337,"skY":-34.6337}},{"duration":6,"tweenEasing":0,"transform":{"skX":-357.4527,"skY":-357.4527}},{"duration":0,"tweenEasing":null,"transform":{"skX":-34.6337,"skY":-34.6337}}],"name":"foot"},{"frame":[{"duration":6,"tweenEasing":0,"transform":{"skX":19.6782,"skY":19.6782}},{"duration":6,"tweenEasing":0,"transform":{"skX":14.7773,"skY":14.7773}},{"duration":6,"tweenEasing":0,"transform":{"skX":19.6782,"skY":19.6782}},{"duration":6,"tweenEasing":0,"transform":{"skX":23.9164,"skY":23.9164}},{"duration":0,"tweenEasing":null,"transform":{"skX":19.6782,"skY":19.6782}}],"name":"head1"},{"frame":[{"duration":6,"tweenEasing":0,"transform":{"skX":268.0014,"skY":268.0014}},{"duration":6,"tweenEasing":0,"transform":{"skX":283.803,"skY":283.803}},{"duration":6,"tweenEasing":0,"transform":{"skX":268.0014,"skY":268.0014}},{"duration":6,"tweenEasing":0,"transform":{"skX":243.0341,"skY":243.0341}},{"duration":0,"tweenEasing":null,"transform":{"skX":268.0014,"skY":268.0014}}],"name":"rhand"}],"slot":[],"frame":[],"ffd":[],"playTimes":0,"duration":24,"name":"hit"},{"bone":[{"frame":[{"duration":6,"tweenEasing":0,"transform":{"scX":-1}},{"duration":6,"tweenEasing":0,"transform":{"scX":-1}},{"duration":6,"tweenEasing":0,"transform":{"scX":-1}},{"duration":6,"tweenEasing":0,"transform":{"scX":-1}},{"duration":0,"tweenEasing":null,"transform":{"scX":-1}}],"name":"root"},{"frame":[{"duration":12,"tweenEasing":0,"transform":{"skX":6.8034,"skY":6.8034}},{"duration":12,"tweenEasing":0,"transform":{"skX":6.8034,"skY":6.8034}},{"duration":0,"tweenEasing":null,"transform":{"skX":6.8034,"skY":6.8034}}],"name":"body"},{"frame":[{"duration":12,"tweenEasing":0,"transform":{"skX":-13.2965,"skY":-13.2965}},{"duration":12,"tweenEasing":0,"transform":{"skX":-55.2635,"skY":-55.2635}},{"duration":0,"tweenEasing":null,"transform":{"skX":-13.2965,"skY":-13.2965}}],"name":"lhand"},{"frame":[{"duration":12,"tweenEasing":0,"transform":{"skX":-337.1518,"skY":-337.1518}},{"duration":12,"tweenEasing":0,"transform":{"skX":-329.6254,"skY":-329.6254}},{"duration":0,"tweenEasing":null,"transform":{"skX":-337.1518,"skY":-337.1518}}],"name":"foot1"},{"frame":[{"duration":12,"tweenEasing":0,"transform":{"skX":-307.1726,"skY":-307.1726}},{"duration":12,"tweenEasing":0,"transform":{"skX":-309.9606,"skY":-309.9606}},{"duration":0,"tweenEasing":null,"transform":{"skX":-307.1726,"skY":-307.1726}}],"name":"foot"},{"frame":[{"duration":12,"tweenEasing":0,"transform":{"skX":-11.5402,"skY":-11.5402}},{"duration":12,"tweenEasing":0,"transform":{"skX":-7.2701,"skY":-7.2701}},{"duration":0,"tweenEasing":null,"transform":{"skX":-11.5402,"skY":-11.5402}}],"name":"head1"},{"frame":[{"duration":12,"tweenEasing":0,"transform":{"y":14.1963,"skX":37.4916,"skY":37.4916,"x":1.5958}},{"duration":12,"tweenEasing":0,"transform":{"y":14.1963,"skX":28.4853,"skY":28.4853,"x":1.5958}},{"duration":0,"tweenEasing":null,"transform":{"y":14.1963,"skX":37.4916,"skY":37.4916,"x":1.5958}}],"name":"rhand"}],"slot":[],"frame":[],"ffd":[],"playTimes":0,"duration":24,"name":"slipFall"}],"aabb":{"width":591.3319636698277,"y":-251.99999999999997,"height":502,"x":-341.3319636698277},"type":"Armature","frameRate":24,"defaultActions":[{"gotoAndPlay":"stand"}],"skin":[{"name":"","slot":[{"display":[{"path":"rhand","type":"image","name":"rhand","transform":{"y":16.3436,"skX":-132.3736,"skY":-132.3736,"x":-75.7818}}],"name":"rhand"},{"display":[{"path":"body","type":"image","name":"body","transform":{"y":-20.0812,"skX":90.3898,"skY":90.3898,"x":135.1397}}],"name":"body"},{"display":[{"path":"lhand","type":"image","name":"lhand","transform":{"y":-1.5643,"skX":-44.493,"skY":-44.493,"x":-96.8636}}],"name":"lhand"},{"display":[{"path":"foot","type":"image","name":"foot","transform":{"y":56.1824,"skX":-87.2409,"skY":-87.2409,"x":-149.8782}}],"name":"foot1"},{"display":[{"path":"foot","type":"image","name":"foot","transform":{"y":56.8592,"skX":-87.2073,"skY":-87.2073,"x":-147.946}}],"name":"foot"},{"display":[{"path":"head","type":"image","name":"head","transform":{"y":-14.1859,"skX":89.5145,"skY":89.5145,"x":21.8806}}],"name":"head1"}]}],"canvas":{"width":150,"y":0,"height":150,"x":0},"name":"Armature","ik":[]}],"isGlobal":0,"name":"NewProject","version":"5.0"}